block_MB,teste,alloc_ms,write_ms,read_ms,free_ms
100,1,9.456562,43.523014,126.363241,0.201417
100,2,1.620462,8.503019,119.599267,0.164375
100,3,1.467545,7.61785,119.880226,0.122751
100,4,1.618545,7.409058,120.040019,0.200458
100,5,1.414211,7.629392,120.146977,0.125209
100,6,1.595421,7.3491,119.95706,0.180584
100,7,1.371461,7.718934,120.070227,0.127542
100,8,1.614462,7.389016,121.720898,0.162
100,9,1.367295,7.843935,120.529936,0.126792
100,10,1.585461,7.458975,120.258811,0.166084
100,11,1.418211,7.688559,119.909601,0.124167
100,12,1.545878,7.415849,120.779811,0.187
100,13,1.38392,7.712933,120.352644,0.12975
100,14,1.555212,7.376475,120.423894,0.1645
100,15,1.414004,7.714767,120.925104,0.120625
100,16,1.573045,7.452308,121.06023,0.187334
100,17,1.394503,8.121393,120.11006,0.121542
100,18,1.565879,7.294016,120.663812,0.172208
100,19,1.421795,7.666351,120.172143,0.120833
100,20,1.60592,7.378058,121.102687,0.167167
100,21,1.43392,7.805351,120.669978,0.137209
100,22,1.595879,7.506225,120.814437,0.180334
100,23,1.416837,7.788059,121.333688,0.120334
100,24,1.66592,8.428811,120.812853,0.163293
100,25,1.387211,7.779517,120.761729,0.122833
100,26,1.601254,7.454641,120.911813,0.166834
100,27,1.409045,7.739267,121.018979,0.128833
100,28,1.869879,7.662184,120.905729,0.170667
100,29,1.430628,7.756893,120.740312,0.139959
100,30,1.582254,7.550434,121.250688,0.158417
100,31,1.372586,7.858559,121.564397,0.122625
100,32,1.649712,7.46385,121.095062,0.161292
100,33,1.412753,7.727767,121.135146,0.119667
100,34,1.582546,7.444183,121.28498,0.170584
100,35,1.415003,7.719767,121.617855,0.126834
100,36,1.64067,7.450142,120.74352,0.17175
100,37,1.384253,7.82206,121.037021,0.129917
100,38,1.59842,7.570684,122.215773,0.175375
100,39,1.472545,7.890101,121.839231,0.133708
100,40,1.632754,7.468767,121.233771,0.173542
100,41,1.384753,7.828351,121.358772,0.130917
100,42,1.596462,7.544517,121.022812,0.171459
100,43,1.40067,7.777101,121.668397,0.126167
100,44,1.617504,7.600517,120.965062,0.166833
100,45,1.412504,7.777976,121.268396,0.11775
100,46,1.587545,7.528142,121.528313,0.191208
100,47,1.412628,8.330394,121.068562,0.140292
100,48,1.583046,7.43585,120.519728,0.166626
100,49,1.383003,7.628309,121.11648,0.124251
100,50,1.549087,7.439225,121.559522,0.171709
100,51,1.422504,7.663684,121.28248,0.125959
100,52,1.66242,7.427016,121.404688,0.178167
100,53,1.417878,7.724975,121.028479,0.122834
100,54,1.59992,7.405684,121.47598,0.172
100,55,1.407336,7.835143,120.999229,0.119209
100,56,1.56717,7.435559,121.018646,0.168042
100,57,1.41117,7.627725,120.922395,0.118875
100,58,1.629629,7.416725,122.186523,0.169833
100,59,1.407795,7.696434,120.965562,0.13675
100,60,1.605753,7.841393,120.876813,0.170584
100,61,1.432378,7.777142,121.426147,0.126251
100,62,1.575462,7.647767,122.051606,0.184917
100,63,1.404004,7.85756,121.277021,0.127751
100,64,1.656129,7.427392,120.967812,0.173417
100,65,1.394545,7.703892,121.44648,0.121959
100,66,1.586045,7.524266,121.653314,0.179292
100,67,1.396961,7.694267,120.822146,0.127542
100,68,1.561003,7.347725,121.265938,0.172417
100,69,1.388962,7.676975,121.374771,0.130042
100,70,1.626086,7.44035,121.532647,0.172917
100,71,1.433712,7.864142,121.073187,0.120542
100,72,1.616087,7.322475,121.287188,0.191709
100,73,1.391337,7.590058,121.170063,0.1255
100,74,1.762004,7.336141,121.969773,0.173417
100,75,1.400711,7.732059,121.259855,0.159625
100,76,1.571046,7.537184,121.391272,0.173667
100,77,1.40867,7.586642,121.605022,0.124666
100,78,1.626962,8.018143,121.454772,0.168042
100,79,1.383836,7.5816,121.267146,0.125959
100,80,1.582587,7.383767,120.973104,0.170209
100,81,1.382128,7.628892,121.364938,0.128125
100,82,1.565254,7.268099,121.319896,0.171667
100,83,1.358753,7.677642,121.570064,0.152126
100,84,1.58317,7.242975,121.474397,0.173084
100,85,1.360919,7.5171,121.407896,0.127042
100,86,1.615671,7.231391,121.186646,0.194167
100,87,1.379462,7.531142,121.096896,0.122459
100,88,1.560629,7.181058,121.37923,0.176293
100,89,1.372628,7.508975,121.246522,0.126417
100,90,1.645629,7.308933,121.255979,0.164334
100,91,1.35717,7.601767,121.260229,0.130584
100,92,1.593962,7.330391,122.133981,0.172542
100,93,1.376212,7.600476,121.423189,0.130125
100,94,1.575086,7.426808,121.290688,0.187042
100,95,1.379128,7.45135,121.19523,0.1275
100,96,1.591878,7.181932,121.194188,0.196917
100,97,1.37692,7.45685,121.649397,0.128584
100,98,1.591795,7.261099,121.338814,0.205458
100,99,1.358711,7.535184,121.634522,0.129917
100,100,1.594962,7.171183,121.269313,0.1925
200,1,6.025555,33.957992,242.696251,0.260251
200,2,3.034007,18.522917,243.175169,0.306876
200,3,2.867715,15.726327,242.740293,0.272626
200,4,3.004757,14.201824,244.133213,0.273084
200,5,2.86434,14.513699,243.185794,0.231834
200,6,3.05659,14.173615,242.750418,0.287292
200,7,2.850882,14.441366,242.71896,0.281917
200,8,3.063882,14.226906,243.645004,0.279043
200,9,2.837882,14.658032,242.944544,0.239501
200,10,3.088798,14.10874,243.827378,0.272417
200,11,2.825798,14.622241,243.282211,0.260958
200,12,3.035049,14.306657,243.54417,0.305417
200,13,2.824756,14.567199,242.809959,0.235292
200,14,3.024215,14.129281,243.723254,0.279751
200,15,2.82159,14.446741,244.151671,0.267458
200,16,3.166965,14.993533,246.889469,0.305543
200,17,2.834339,14.494532,243.361045,0.250584
200,18,3.045465,14.103364,244.064838,0.337417
200,19,2.834756,14.39724,243.555836,0.241042
200,20,3.015507,14.265073,243.828712,0.286626
200,21,2.88559,14.560407,243.327336,0.239418
200,22,3.145799,14.366615,243.982588,0.311292
200,23,2.950465,15.151701,244.476381,0.233542
200,24,3.041757,14.898284,244.069005,0.298626
200,25,2.902756,15.159617,244.571381,0.233168
200,26,3.108591,15.096451,243.761046,0.296501
200,27,2.872215,14.676574,244.174629,0.234376
200,28,3.132257,14.741325,243.534003,0.263667
200,29,2.84834,14.598991,244.042379,0.255
200,30,3.118757,14.352282,243.309753,0.302375
200,31,2.842882,14.533366,244.250213,0.240751
200,32,3.050049,14.204449,243.569712,0.263751
200,33,2.83159,14.572324,243.893712,0.243792
200,34,3.069799,14.263824,243.899838,0.289876
200,35,2.90509,14.765658,243.725878,0.235376
200,36,3.05559,14.300991,243.510045,0.312042
200,37,2.853632,14.554449,244.173713,0.279584
200,38,3.037424,14.239698,243.845628,0.284667
200,39,2.847048,14.5402,244.88209,0.268459
200,40,3.021131,14.274199,243.792128,0.264292
200,41,2.893757,14.460616,243.54292,0.259168
200,42,3.011256,14.215199,244.792964,0.288792
200,43,2.841173,14.548575,243.595378,0.229251
200,44,3.00384,14.31524,244.204588,0.282417
200,45,2.917632,14.471616,243.562711,0.270168
200,46,3.099882,14.281782,244.107338,0.267668
200,47,2.867298,14.526907,243.80517,0.227168
200,48,3.048715,14.162282,244.623088,0.273709
200,49,2.864882,14.788408,243.830296,0.264001
200,50,3.045257,14.228782,244.31488,0.297418
200,51,2.850298,14.568991,244.037629,0.226376
200,52,3.001132,14.371283,244.288921,0.279793
200,53,2.865006,14.615949,244.356339,0.251626
200,54,3.048382,14.229907,244.661464,0.297709
200,55,2.814089,14.583158,244.354505,0.245126
200,56,3.009757,14.275157,244.242963,0.305292
200,57,2.900881,14.531116,245.028006,0.231459
200,58,3.019382,14.281616,244.649797,0.283209
200,59,2.841173,14.509241,244.205171,0.233667
200,60,3.03384,14.107073,244.500089,0.313709
200,61,2.831798,14.361782,244.390421,0.236251
200,62,3.072757,14.166865,244.612047,0.295917
200,63,2.839089,14.386824,244.385297,0.234167
200,64,3.01334,14.210615,244.082879,0.338126
200,65,2.864215,14.426157,244.725214,0.240125
200,66,3.098382,14.655407,245.138007,0.282292
200,67,2.927006,14.557408,245.534299,0.252126
200,68,3.123507,14.227032,243.927837,0.314626
200,69,2.861048,14.532866,243.828129,0.24125
200,70,3.002298,14.326115,243.823171,0.284584
200,71,2.856131,14.358199,244.25763,0.244084
200,72,3.048882,14.266782,243.911754,0.316792
200,73,2.945798,14.680741,244.330255,0.233167
200,74,3.038465,14.136782,243.997295,0.312167
200,75,2.82584,14.398866,243.968671,0.242793
200,76,2.993923,14.160157,244.113213,0.316126
200,77,2.852298,14.447491,244.333089,0.252501
200,78,3.016632,14.18299,243.902045,0.290125
200,79,2.841298,14.314865,244.117338,0.291251
200,80,3.00384,14.193615,244.056088,0.288459
200,81,2.892882,14.605449,244.115213,0.241917
200,82,3.036091,14.152907,243.908546,0.283084
200,83,2.835215,14.396241,244.156838,0.270001
200,84,3.00459,14.009698,245.944134,0.290209
200,85,2.875756,14.71295,244.028338,0.237418
200,86,3.096215,14.071531,243.990962,0.296792
200,87,2.84534,14.413115,244.015087,0.288417
200,88,3.022549,14.248865,244.48188,0.2995
200,89,2.859673,14.512157,244.317463,0.241334
200,90,2.986215,14.013698,244.255046,0.314084
200,91,2.859882,14.368157,244.152338,0.267292
200,92,2.991548,14.22499,244.133838,0.278292
200,93,2.881589,14.407782,244.104462,0.232167
200,94,2.998048,14.176948,244.478005,0.298251
200,95,2.825256,14.664449,243.880254,0.271584
200,96,3.037007,14.452283,244.357338,0.303
200,97,2.810589,14.496241,244.163004,0.239542
200,98,3.020132,14.128407,244.308838,0.330292
200,99,2.856923,14.667325,244.199088,0.236417
200,100,3.099465,14.098865,244.229671,0.290125
300,1,6.124639,33.616575,367.468947,0.342751
300,2,4.564468,26.012225,367.470114,0.454668
300,3,4.342677,21.753507,368.475574,0.350543
300,4,4.578135,21.337381,367.289238,0.427168
300,5,4.338801,21.451173,366.233861,0.351792
300,6,4.492593,21.303464,367.052363,0.39371
300,7,4.342302,21.435881,367.074737,0.397835
300,8,4.634594,21.159089,367.398864,0.422168
300,9,4.365801,21.463923,368.536824,0.406751
300,10,4.95047,21.609423,366.51607,0.397793
300,11,4.306635,21.488173,367.29953,0.349251
300,12,4.472719,21.327548,367.440072,0.426334
300,13,4.351593,21.521715,367.225822,0.336959
300,14,4.558177,21.053214,366.380986,0.415001
300,15,4.332426,22.455967,366.905571,0.346418
300,16,4.502927,21.096881,367.150696,0.406376
300,17,4.29526,21.440798,367.104904,0.423334
300,18,4.531052,21.237339,367.006071,0.402085
300,19,4.355426,21.451714,366.582278,0.408876
300,20,4.49726,21.190922,367.501697,0.404209
300,21,4.333384,21.511173,366.994154,0.350126
300,22,4.54226,21.046381,367.864698,0.430459
300,23,4.334093,21.644632,367.875906,0.377251
300,24,4.567094,23.290761,366.964404,0.412043
300,25,4.283718,21.59859,367.263488,0.371209
300,26,4.675802,21.393839,367.112363,0.393667
300,27,4.291051,21.387298,366.724737,0.402085
300,28,4.474969,20.99513,366.675904,0.388834
300,29,4.31401,21.34184,366.918779,0.349918
300,30,4.553219,21.134422,366.632737,0.425626
300,31,4.291759,21.329173,366.538486,0.340584
300,32,4.551844,21.028422,366.685986,0.42146
300,33,4.308802,21.33409,367.775573,0.33971
300,34,4.472885,21.015088,366.702195,0.414584
300,35,4.310009,21.358298,366.618778,0.383126
300,36,4.548677,21.080713,366.706237,0.399793
300,37,4.406968,21.206048,366.780945,0.400459
300,38,4.477219,20.987881,366.652987,0.392501
300,39,4.319885,21.397923,366.443111,0.35171
300,40,4.577969,21.138589,367.023321,0.420876
300,41,4.311593,21.501923,367.290988,0.340043
300,42,4.487801,20.998255,367.187696,0.442168
300,43,4.281801,21.423006,367.666697,0.342209
300,44,4.530927,21.020506,367.369446,0.407209
300,45,4.284009,21.452006,367.39203,0.399168
300,46,4.681261,21.304131,367.069905,0.417209
300,47,4.316718,21.262923,367.203655,0.409751
300,48,4.52201,21.012297,367.437906,0.382959
300,49,4.283384,21.320464,367.664115,0.35725
300,50,4.522676,21.144298,367.482197,0.442167
300,51,4.321634,21.300548,367.315405,0.365417
300,52,4.47276,21.156548,371.088997,0.437085
300,53,4.378676,21.459506,368.401865,0.338751
300,54,4.517593,21.225256,367.028779,0.409793
300,55,4.339551,21.298339,367.30653,0.396334
300,56,4.535385,21.002214,367.006821,0.404876
300,57,4.39526,21.237673,367.008904,0.363376
300,58,4.465635,21.230589,367.011946,0.44496
300,59,4.348051,21.486798,366.700945,0.359543
300,60,4.477302,20.950631,366.794195,0.448501
300,61,4.31776,21.35184,367.013654,0.346793
300,62,4.497218,20.952547,366.859946,0.387917
300,63,4.30276,21.372506,367.832823,0.398042
300,64,4.585385,20.983922,367.033405,0.399626
300,65,4.355843,21.227839,367.056821,0.396167
300,66,4.476552,21.017797,366.661112,0.402251
300,67,4.284177,21.365131,366.898654,0.339084
300,68,4.485719,21.167423,366.956738,0.440418
300,69,4.339093,21.402589,366.870695,0.342084
300,70,4.466302,21.112422,366.860529,0.433835
300,71,4.34701,21.322756,366.964904,0.347959
300,72,4.488718,21.02438,366.725362,0.403917
300,73,4.324218,21.439882,367.222572,0.403668
300,74,4.599969,21.565215,366.916612,0.405709
300,75,4.496885,21.736257,366.975154,0.398501
300,76,4.49751,20.94763,367.135321,0.416751
300,77,4.293426,21.432631,367.064404,0.351167
300,78,4.564677,21.12113,366.796987,0.421168
300,79,4.352593,21.447632,366.847863,0.344084
300,80,4.508385,21.087797,366.979862,0.427459
300,81,4.290259,21.398215,366.87182,0.347584
300,82,4.492844,21.151839,366.622987,0.414251
300,83,4.326927,21.255548,366.956154,0.430209
300,84,4.512885,21.198797,367.23603,0.405084
300,85,4.380094,21.303298,366.871571,0.358334
300,86,4.466176,21.309423,366.923571,0.425626
300,87,4.352468,21.523757,366.760987,0.347376
300,88,4.452426,20.934922,366.881321,0.445918
300,89,4.324968,21.434131,366.925363,0.344543
300,90,4.47126,21.013172,367.077988,0.433501
300,91,4.435301,21.520173,367.538823,0.377584
300,92,4.552469,21.042089,367.726115,0.39275
300,93,4.450968,21.334756,367.543864,0.389876
300,94,4.565719,21.264881,367.895907,0.375709
300,95,4.294301,21.352756,367.336155,0.356085
300,96,4.605385,21.102797,368.52745,0.438834
300,97,4.442302,22.058758,367.739531,0.356584
300,98,4.535594,21.330422,366.912154,0.445085
300,99,4.350301,21.60009,366.965279,0.347501
300,100,4.521844,21.069131,367.158821,0.398625
400,1,7.542392,45.816686,490.981057,0.499709
400,2,6.166722,34.531202,490.579639,0.50671
400,3,6.049514,29.283691,491.669225,0.482168
400,4,6.742641,28.829565,490.152763,0.531418
400,5,5.928972,28.39298,490.244847,0.462668
400,6,6.068264,28.24273,490.230888,0.554543
400,7,5.775096,28.439105,490.489306,0.454959
400,8,5.940972,28.178313,490.192055,0.532877
400,9,5.865679,28.457522,490.044221,0.495293
400,10,6.020514,28.130938,490.40643,0.531335
400,11,5.771846,28.439771,490.216222,0.455042
400,12,6.014681,28.168521,492.382768,0.539876
400,13,5.831472,28.615647,491.679349,0.468167
400,14,6.118555,28.115813,490.619264,0.542543
400,15,5.826138,28.425147,491.377682,0.466751
400,16,6.038514,28.186272,490.580348,0.527584
400,17,5.89243,28.405605,490.009304,0.452751
400,18,5.940555,28.063396,490.741723,0.55096
400,19,5.814929,28.515897,490.372096,0.467293
400,20,6.02518,28.579856,490.648181,0.54196
400,21,5.802554,28.868981,489.953929,0.458918
400,22,5.944472,28.26323,489.768387,0.480167
400,23,5.859596,28.399731,489.41847,0.462667
400,24,5.955097,28.119272,490.208722,0.496001
400,25,5.807555,28.19673,489.134595,0.514501
400,26,5.950139,27.948438,489.404637,0.542459
400,27,5.81918,28.136188,489.093052,0.515835
400,28,5.991763,27.917187,489.074844,0.513293
400,29,5.749471,28.181354,489.049802,0.49046
400,30,6.028138,27.891396,488.974303,0.512751
400,31,5.742888,28.33948,488.932636,0.512418
400,32,5.970263,27.883021,488.90851,0.493709
400,33,5.782846,28.452813,489.326387,0.488793
400,34,5.960222,28.110105,489.272469,0.506793
400,35,5.773263,28.215063,488.83326,0.509918
400,36,5.932055,28.206771,488.832135,0.507876
400,37,5.837804,28.173396,489.467303,0.51596
400,38,6.061431,28.39948,490.648556,0.528335
400,39,5.84968,28.343814,490.13943,0.496501
400,40,6.047056,28.692356,489.570512,0.498209
400,41,5.916596,28.387022,489.989304,0.525751
400,42,6.022055,27.994771,489.283303,0.534959
400,43,5.79043,28.256939,489.301928,0.505084
400,44,6.022597,27.961646,489.429553,0.53296
400,45,5.803054,28.48498,489.850304,0.468168
400,46,5.975472,27.940104,492.866811,0.56146
400,47,5.835013,28.452522,489.660012,0.463418
400,48,5.90618,28.050021,489.606803,0.552043
400,49,5.892805,28.179896,490.081304,0.450959
400,50,5.972846,28.071355,489.398386,0.540293
400,51,5.816471,28.228355,489.312803,0.463709
400,52,5.908388,27.955437,489.975038,0.526834
400,53,5.785722,28.322442,489.332779,0.468001
400,54,6.019306,28.008816,489.477364,0.556668
400,55,5.899347,28.354608,489.317613,0.455918
400,56,6.031306,27.91719,490.124448,0.550251
400,57,5.812556,28.450984,489.524906,0.461709
400,58,5.911347,28.18515,489.621572,0.538834
400,59,5.856722,28.362484,489.437488,0.461543
400,60,5.988639,28.190025,489.592239,0.559418
400,61,5.842513,28.363984,489.373488,0.471918
400,62,5.959056,28.236775,489.525863,0.527626
400,63,5.793514,28.182484,489.207696,0.478459
400,64,6.009015,28.164358,489.793989,0.495334
400,65,5.767347,28.342775,489.592781,0.461793
400,66,6.043806,27.940232,489.409988,0.508835
400,67,5.791681,28.460317,489.354571,0.493251
400,68,6.012514,27.9774,489.508614,0.511834
400,69,5.821347,28.205066,489.701739,0.520834
400,70,5.996806,27.938316,490.123907,0.502376
400,71,5.801764,28.27915,490.048157,0.510417
400,72,5.96343,28.309276,490.5887,0.517751
400,73,5.883097,28.138649,490.016156,0.518085
400,74,5.931097,28.069358,490.001282,0.527501
400,75,5.84368,28.1989,490.110699,0.497168
400,76,5.911972,28.108983,490.30149,0.538835
400,77,5.787513,28.547192,490.352365,0.489002
400,78,6.094222,28.073316,490.28349,0.504835
400,79,5.814847,28.375734,496.054796,0.512084
400,80,6.011639,28.286608,489.898282,0.504792
400,81,5.799931,28.364734,489.712781,0.523043
400,82,5.978805,28.034566,489.476655,0.513335
400,83,5.82243,28.379942,489.735364,0.531834
400,84,5.973806,28.0774,489.59653,0.559377
400,85,5.781889,28.535484,490.065573,0.466001
400,86,6.009931,28.146233,489.801031,0.540251
400,87,5.853513,28.320817,490.126281,0.49271
400,88,5.955097,27.952274,489.853323,0.544251
400,89,5.799014,28.296901,489.620947,0.465834
400,90,5.979139,28.077483,489.38403,0.534668
400,91,5.851139,28.235067,489.44103,0.48246
400,92,6.002806,27.954108,489.653489,0.531751
400,93,5.807097,28.190108,489.456863,0.478835
400,94,5.942973,28.21065,489.935573,0.528335
400,95,5.885014,28.93311,491.264576,0.483834
400,96,5.990431,28.033149,489.645281,0.552626
400,97,5.783764,28.373525,505.169193,0.469917
400,98,6.001139,28.256484,490.966076,0.545876
400,99,5.915264,28.284441,489.929531,0.465793
400,100,5.957889,28.2324,490.090073,0.559334
500,1,9.158272,69.00933,614.101283,0.593252
500,2,7.552726,35.743376,614.314533,0.608084
500,3,7.421309,35.703876,614.011407,0.629668
500,4,7.506393,36.417544,612.995405,0.635626
500,5,7.233392,35.682668,612.654904,0.602835
500,6,7.538059,35.08925,612.684612,0.625251
500,7,7.242934,35.700584,613.75499,0.614168
500,8,7.788102,36.958837,612.518445,0.65421
500,9,7.378392,35.523375,614.280283,0.622377
500,10,7.703185,37.772964,614.991327,0.65596
500,11,7.343809,35.621626,613.125697,0.585835
500,12,7.472601,35.208833,613.395864,0.654377
500,13,7.284767,35.525251,613.573364,0.63896
500,14,7.50456,35.125791,614.142282,0.626585
500,15,7.233808,35.425834,614.374742,0.589418
500,16,7.442393,35.188625,613.483531,0.639084
500,17,7.376225,35.345709,612.567696,0.617585
500,18,7.536476,35.067041,612.490487,0.648626
500,19,7.444934,35.253291,612.449487,0.574127
500,20,7.433268,34.99479,612.92403,0.66521
500,21,7.441143,35.276375,612.584237,0.604502
500,22,7.407184,35.305959,613.697823,0.61646
500,23,7.344059,35.334375,613.614115,0.586043
500,24,7.418017,34.920666,613.112488,0.620502
500,25,7.244143,35.352625,613.272572,0.582877
500,26,7.4136,35.037583,618.401751,0.634043
500,27,7.410059,35.529333,619.439087,0.591126
500,28,7.577559,35.670251,614.053949,0.598585
500,29,7.335142,35.27725,613.10128,0.58796
500,30,7.420059,35.192416,612.259736,0.65571
500,31,7.240267,35.369417,611.877569,0.603335
500,32,7.473226,34.828457,612.502695,0.658626
500,33,7.265684,35.152499,611.815236,0.587626
500,34,7.409184,34.956374,611.765152,0.604751
500,35,7.253892,35.250833,612.863155,0.602752
500,36,7.508142,34.933,611.997194,0.623751
500,37,7.245017,35.265166,611.979819,0.578168
500,38,7.412142,34.968166,612.739821,0.648085
500,39,7.223059,35.144708,611.886277,0.592585
500,40,7.447934,34.978083,611.901986,0.618377
500,41,7.242642,35.333417,613.326281,0.618584
500,42,7.415976,34.940249,611.964194,0.632335
500,43,7.322476,35.231458,612.746904,0.579127
500,44,7.418184,34.944624,612.688113,0.641919
500,45,7.246683,35.249667,611.81761,0.602126
500,46,7.407185,34.991957,611.829986,0.620918
500,47,7.343143,35.075041,611.774861,0.583835
500,48,7.368934,34.991499,611.886944,0.606668
500,49,7.252809,35.183625,611.907735,0.602834
500,50,7.450726,34.915457,612.33182,0.671252
500,51,7.399976,35.502959,611.955028,0.565627
500,52,7.415768,35.176292,612.07807,0.618293
500,53,7.266143,35.244375,611.879361,0.59021
500,54,7.482476,34.933874,611.967278,0.594168
500,55,7.318268,35.386042,612.069444,0.624793
500,56,7.417184,35.0815,611.599443,0.647501
500,57,7.216767,35.370958,612.35182,0.584418
500,58,7.571935,35.216125,612.435696,0.64371
500,59,7.196933,35.428,612.143237,0.581252
500,60,7.394518,34.908999,611.776319,0.629377
500,61,7.256725,35.257042,612.149486,0.615376
500,62,7.434976,34.841415,611.831235,0.633543
500,63,7.232433,35.666792,612.470904,0.585918
500,64,7.435351,35.023332,611.893902,0.654668
500,65,7.305768,35.110291,612.015736,0.604959
500,66,7.388309,34.975874,611.899778,0.631376
500,67,7.241434,35.242125,612.534237,0.600751
500,68,7.4306,34.955333,612.69707,0.634377
500,69,7.351559,35.2425,613.144197,0.609001
500,70,7.406976,35.050624,612.798362,0.653335
500,71,7.222351,35.400375,612.687571,0.615001
500,72,7.420768,34.934791,612.789654,0.60596
500,73,7.334309,35.105208,613.977782,0.611543
500,74,7.489976,35.297,619.205128,0.643626
500,75,7.433226,35.71496,614.743242,0.597501
500,76,7.402351,35.103041,612.780446,0.629085
500,77,7.37806,35.457334,612.432987,0.578793
500,78,7.456601,35.072249,612.151028,0.646877
500,79,7.232809,35.170958,612.40182,0.599668
500,80,7.400518,34.970791,612.533154,0.625376
500,81,7.285059,35.272541,613.090864,0.602335
500,82,7.519601,34.945333,612.339903,0.644085
500,83,7.240017,35.253125,612.057236,0.572001
500,84,7.510226,34.982832,612.57332,0.66921
500,85,7.24235,35.416125,612.111527,0.627585
500,86,7.455142,35.004416,611.931152,0.629377
500,87,7.228934,35.379084,613.328239,0.587501
500,88,7.540559,35.447583,612.050861,0.641251
500,89,7.23885,35.384208,612.246278,0.567293
500,90,7.403101,34.980541,612.195861,0.62346
500,91,7.307768,35.11175,612.036111,0.606043
500,92,7.422559,34.878041,612.246612,0.634293
500,93,7.302726,36.185544,612.745446,0.611168
500,94,7.384351,35.223125,612.023777,0.654127
500,95,7.285684,35.277417,611.977069,0.57571
500,96,7.358517,34.935916,612.101611,0.644085
500,97,7.344142,35.094791,612.104861,0.595835
500,98,7.402059,35.006708,612.549945,0.629377
500,99,7.213392,35.261208,612.43532,0.620543
500,100,7.409809,35.123333,611.935777,0.625377
600,1,10.841484,136.793198,739.431454,0.763251
600,2,9.854273,83.174238,737.236281,0.834835
600,3,8.833937,63.158649,735.861278,0.799668
600,4,8.943646,52.434582,736.360446,0.795211
600,5,8.760979,57.614427,736.191029,0.755919
600,6,9.120688,51.126495,736.389863,0.76171
600,7,8.763271,51.393621,736.283487,0.762127
600,8,8.957062,55.302672,735.876112,0.792919
600,9,9.285189,53.622751,736.508697,0.765502
600,10,8.896396,51.117079,736.834822,0.801877
600,11,8.767604,51.53033,739.463995,0.757252
600,12,8.945021,52.208957,737.052281,0.822252
600,13,8.799646,51.217663,736.877614,0.746835
600,14,8.956104,54.618879,736.703156,0.791502
600,15,8.835312,48.320614,737.417073,0.739043
600,16,8.913188,48.973532,736.02507,0.796293
600,17,8.729062,52.728624,736.230487,0.759127
600,18,8.925146,48.326405,735.19961,0.772127
600,19,8.819646,48.698823,736.305404,0.767669
600,20,9.093855,48.77274,735.106651,0.843877
600,21,8.876313,52.402957,734.839901,0.771252
600,22,8.999271,51.814955,734.879651,0.793918
600,23,8.73852,49.054408,734.658983,0.722835
600,24,8.917521,52.233873,735.337694,0.764043
600,25,8.727521,49.144491,734.839734,0.739293
600,26,8.945271,50.613036,734.710609,0.773168
600,27,8.837812,49.535201,734.822734,0.741835
600,28,8.966813,49.107407,735.519361,0.751169
600,29,8.723396,46.91011,735.210652,0.72971
600,30,8.963979,46.953111,735.29486,0.795668
600,31,8.742479,50.362702,734.834275,0.750793
600,32,8.955605,47.568987,734.940526,0.762293
600,33,8.757813,46.80686,735.167651,0.752294
600,34,8.895188,46.122859,734.842026,0.762752
600,35,8.846896,47.36507,735.159568,0.746501
600,36,8.915771,46.746944,734.702526,0.775502
600,37,8.755687,48.133906,734.747984,0.787335
600,38,8.944313,47.266612,734.960234,0.816752
600,39,8.747437,47.036819,735.023943,0.767168
600,40,9.090104,46.472318,735.13661,0.773877
600,41,8.768854,47.038653,735.04011,0.749418
600,42,8.897354,47.712654,734.608108,0.802461
600,43,8.741937,49.011282,735.037985,0.741752
600,44,8.935062,47.121444,734.588983,0.80321
600,45,8.752396,46.993528,735.458527,0.779585
600,46,9.103646,46.184359,735.377069,0.771668
600,47,8.741854,46.817569,736.302863,0.757168
600,48,8.904438,46.439485,735.690278,0.78671
600,49,8.761687,49.355533,736.076403,0.72921
600,50,8.965812,46.818819,736.441154,0.786502
600,51,8.893271,46.815735,736.170654,0.822002
600,52,8.957188,46.189359,736.028611,0.774002
600,53,8.826896,47.105653,737.494448,0.761044
600,54,8.951604,46.499943,740.619664,0.801794
600,55,8.939479,47.10882,736.112612,0.787002
600,56,9.23223,46.715736,739.843663,0.839626
600,57,8.780563,46.932652,735.254402,0.744001
600,58,9.011604,49.934742,735.896528,0.774794
600,59,8.870145,46.944694,735.122193,0.749126
600,60,8.928688,46.609735,735.559485,0.776418
600,61,8.775312,46.57761,734.988776,0.763543
600,62,8.939771,46.52486,734.903235,0.786085
600,63,8.721229,46.56661,735.024484,0.762335
600,64,9.021855,49.01099,735.318902,0.801585
600,65,8.903146,47.324529,735.78757,0.776752
600,66,8.905563,47.333487,735.32386,0.798418
600,67,8.779104,46.577235,735.645319,0.741294
600,68,8.968604,51.762956,734.608733,0.76996
600,69,8.770812,48.290531,735.304111,0.735835
600,70,8.997188,46.216692,735.423402,0.794377
600,71,8.780063,47.028153,735.705694,0.74521
600,72,8.975521,47.576487,735.072401,0.785752
600,73,8.745271,46.370193,734.922151,0.729835
600,74,8.91923,50.105576,734.974318,0.781794
600,75,8.716062,46.572318,735.984195,0.742877
600,76,8.948397,45.997234,737.296407,0.754044
600,77,8.902813,49.951118,735.569319,0.721877
600,78,9.012855,46.483443,735.279485,0.759877
600,79,8.813812,46.432234,735.64632,0.706501
600,80,8.972146,47.135986,735.85757,0.75096
600,81,8.849021,50.34741,735.630277,0.735293
600,82,9.088896,46.022442,735.172693,0.772126
600,83,8.842396,50.782203,735.284277,0.740877
600,84,9.118105,46.490776,737.992366,0.77121
600,85,8.796354,47.120152,742.107877,0.751085
600,86,8.972563,47.026028,737.778866,0.740918
600,87,8.76277,49.432908,736.451613,0.744877
600,88,9.120104,47.424279,736.745864,0.751127
600,89,8.735729,46.807652,736.41353,0.729918
600,90,8.915271,52.711375,736.631155,0.779543
600,91,8.767604,47.330153,737.22049,0.736877
600,92,8.916772,46.692068,736.331196,0.777127
600,93,8.780188,49.847993,735.406277,0.752002
600,94,9.015897,50.36566,735.559402,0.780169
600,95,8.895605,47.877321,735.926445,0.769835
600,96,9.08473,46.34636,735.079109,0.75471
600,97,8.895979,48.523156,736.271779,0.744044
600,98,9.020271,50.496327,735.362318,0.79321
600,99,8.754979,48.426197,735.630194,0.771002
600,100,8.91673,46.381943,735.702194,0.779252
700,1,12.113945,126.819966,859.666571,0.930044
700,2,10.662609,106.657376,858.679609,0.878003
700,3,10.421983,91.36609,859.365028,0.84421
700,4,10.548191,78.203018,861.731825,0.905878
700,5,10.290232,70.354749,859.407153,0.918502
700,6,10.414191,69.483539,859.748904,0.891294
700,7,10.207399,69.126913,859.868071,0.894961
700,8,10.528483,65.752989,859.249195,0.924669
700,9,10.296982,69.627331,859.15761,0.898168
700,10,10.743234,67.235825,859.138403,0.946877
700,11,10.227566,67.768202,859.248111,0.843752
700,12,10.52715,66.742157,858.190775,0.890336
700,13,10.52715,69.161955,858.676609,0.853544
700,14,10.635775,68.931538,858.033067,0.910961
700,15,10.462066,65.146487,858.302567,0.880752
700,16,10.486984,67.736993,858.164067,0.893336
700,17,10.305691,63.564566,858.462442,0.894586
700,18,10.436733,61.995188,857.728607,0.885294
700,19,10.263066,61.005852,857.904816,0.859127
700,20,10.6804,66.165073,858.938235,0.856127
700,21,10.323275,64.95407,859.513278,0.855169
700,22,10.607984,63.288066,858.757485,0.87796
700,23,10.248066,61.649812,859.331486,0.87196
700,24,10.467983,59.785974,865.477459,0.89521
700,25,10.340399,62.46423,863.97033,0.885293
700,26,10.546066,61.268187,859.148236,0.928002
700,27,11.198277,67.353492,857.826275,0.861502
700,28,10.437316,62.31773,857.498649,0.932002
700,29,10.288399,65.479238,857.580441,0.842835
700,30,10.510358,58.746263,858.218275,0.885669
700,31,10.212774,66.567949,857.92965,0.847169
700,32,10.660442,63.5889,857.793649,0.893794
700,33,10.283275,61.721604,857.648398,0.870336
700,34,10.517358,60.703685,857.998691,0.875627
700,35,10.527775,62.126354,857.44794,0.870961
700,36,10.464316,58.877847,859.180444,0.896502
700,37,10.239774,61.482478,857.555232,0.893793
700,38,10.550567,64.900028,857.422273,0.937752
700,39,10.246024,62.382814,857.333773,0.873711
700,40,10.508525,59.456223,857.125022,0.911544
700,41,10.3129,61.106269,858.075233,0.870085
700,42,10.395899,70.299124,857.582565,0.902419
700,43,10.295983,60.573518,858.034483,0.860044
700,44,10.520816,69.906582,859.24232,0.890669
700,45,10.543941,61.948647,857.122981,0.900919
700,46,10.47565,61.226894,857.779899,0.915835
700,47,10.4734,63.482608,858.204691,0.928252
700,48,10.531691,59.783766,857.503565,0.96946
700,49,10.432692,58.530263,857.809775,0.908419
700,50,10.397608,60.313768,859.245861,0.894127
700,51,10.53465,59.794433,857.613316,0.919878
700,52,10.556441,63.846484,857.988441,0.939169
700,53,10.467983,63.676067,858.555276,0.903585
700,54,10.497775,59.620682,858.794151,0.915085
700,55,10.507483,69.498497,858.296942,0.917044
700,56,10.465609,61.511936,858.971569,0.919043
700,57,10.52065,60.292518,858.636901,0.913669
700,58,10.452608,60.694268,858.452484,0.940085
700,59,10.52665,68.59387,857.428398,0.956794
700,60,10.421025,55.730923,858.080234,0.927961
700,61,10.431358,68.139536,857.490856,0.927002
700,62,10.5494,55.402422,857.237232,0.950585
700,63,10.450066,58.745014,857.54769,0.896835
700,64,10.51065,62.505606,860.083446,0.932378
700,65,10.43215,59.052389,857.330106,0.914627
700,66,10.454524,58.390971,857.326315,0.918086
700,67,10.465316,61.778229,857.345315,0.888502
700,68,10.396941,62.04298,857.682732,0.924752
700,69,10.6159,59.971309,857.209398,0.903252
700,70,10.399858,59.247973,857.432773,0.952544
700,71,10.502441,59.412641,857.655774,0.920835
700,72,10.792692,60.929102,857.431773,0.974877
700,73,10.554983,59.321807,857.864441,0.909585
700,74,10.444691,60.70331,857.572148,0.936461
700,75,10.413942,61.387228,857.349481,0.90296
700,76,10.496149,61.54202,857.740857,0.904669
700,77,10.455149,59.202182,857.811315,0.920377
700,78,10.388441,60.427726,857.442523,0.917335
700,79,10.579442,68.269203,857.703566,0.916044
700,80,10.432274,55.26538,857.671691,0.961502
700,81,10.417566,61.457978,857.893525,0.946794
700,82,10.481483,62.590814,857.17844,0.923586
700,83,10.484108,61.547895,857.040064,0.922585
700,84,10.432899,61.167436,857.131023,0.899836
700,85,10.601609,61.554562,858.953027,0.90896
700,86,10.394191,60.484851,858.90261,0.919085
700,87,10.4399,63.188649,858.571234,0.910502
700,88,10.4584,71.131918,863.759621,0.936169
700,89,10.794192,57.546136,860.334822,0.93096
700,90,10.934609,66.587449,865.765209,0.900585
700,91,10.626275,63.362149,858.121358,0.895794
700,92,10.508067,58.551055,857.952983,0.936961
700,93,10.522358,59.360849,858.048066,0.915627
700,94,10.419566,59.771516,858.215192,0.920336
700,95,10.390567,59.411015,857.808728,0.902127
700,96,10.371524,58.876263,857.551554,0.934752
700,97,10.540275,63.915608,858.026346,0.893127
700,98,10.410483,58.70118,857.551678,0.914918
700,99,10.64115,64.653568,858.22718,0.924919
700,100,10.556524,59.599349,857.270845,0.926752
800,1,13.62424,170.925068,1000.561681,1.017752
800,2,12.505821,146.402927,983.168389,1.055961
800,3,12.220112,123.492415,982.017262,1.02442
800,4,11.960278,109.477257,981.277385,1.050169
800,5,12.07882,112.750181,981.595136,1.017419
800,6,12.234779,100.394527,983.36989,1.050794
800,7,12.091945,111.342845,985.081019,0.995544
800,8,12.243195,110.608968,982.226262,1.085419
800,9,11.96832,108.941006,982.323555,1.071169
800,10,11.919237,117.587526,981.346344,1.113128
800,11,12.040612,108.318796,980.424008,1.012586
800,12,12.083445,105.810956,982.65743,1.074211
800,13,12.010612,109.330548,981.258177,1.045877
800,14,12.000195,107.489377,982.034679,1.060294
800,15,11.998153,100.297902,982.077304,1.04496
800,16,12.005028,109.068173,981.999304,1.039128
800,17,12.104487,98.942107,981.684386,1.073627
800,18,12.13857,107.299876,981.724053,1.092169
800,19,11.91382,113.832476,981.408094,1.076336
800,20,11.942612,106.829125,980.266508,1.105211
800,21,12.102111,110.201967,980.247925,1.101127
800,22,12.033404,115.362896,980.273466,1.114169
800,23,11.920028,105.406039,980.533383,1.093753
800,24,12.005862,109.927091,980.94026,1.110294
800,25,11.98057,112.320471,980.762468,1.098003
800,26,11.921861,107.392169,981.087552,1.109294
800,27,11.931445,106.333916,980.887635,1.107169
800,28,12.02282,111.972637,980.944552,1.115419
800,29,11.944194,106.231124,980.467966,1.134878
800,30,12.03582,106.603958,980.532551,1.132961
800,31,11.913945,110.653259,980.686592,1.100586
800,32,12.056445,108.931714,980.217966,1.161336
800,33,11.949862,108.483505,980.276841,1.118961
800,34,11.967028,112.748681,980.769176,1.110211
800,35,11.907528,106.353416,981.021135,1.100877
800,36,11.992695,108.733297,980.460592,1.138253
800,37,11.956195,111.091177,980.410092,1.153003
800,38,12.185529,106.644584,980.535758,1.141211
800,39,11.963362,107.538169,983.612475,1.044669
800,40,11.897486,110.543717,980.392508,1.136253
800,41,12.008362,108.610588,980.920926,1.088294
800,42,11.954945,109.836383,982.017846,1.160878
800,43,11.994903,114.262393,981.956304,1.088711
800,44,11.985737,106.976126,981.749803,1.139377
800,45,11.948403,111.051511,981.899845,1.121503
800,46,12.547404,113.322641,982.095929,1.106336
800,47,12.175445,106.616375,981.13376,1.101502
800,48,12.095528,103.225743,980.901134,1.109253
800,49,11.97432,111.553845,980.441801,1.090794
800,50,12.081986,106.444917,980.537592,1.137795
800,51,11.986737,114.162434,980.649009,1.149836
800,52,11.97607,105.712165,980.480508,1.117628
800,53,11.996612,106.322249,981.766844,1.10067
800,54,12.307613,110.53951,989.608113,1.070211
800,55,12.15757,113.910017,985.584687,1.014627
800,56,11.999445,106.089332,981.753137,1.050461
800,57,11.988279,103.582076,982.530305,1.036628
800,58,11.898569,111.427553,981.370719,1.05417
800,59,12.124903,104.209411,981.025385,1.079586
800,60,11.949778,102.999658,980.532426,1.040836
800,61,11.95682,107.183835,982.460222,1.050211
800,62,12.157153,106.563416,981.10951,1.086628
800,63,11.940903,105.112538,980.664592,1.014377
800,64,12.076778,106.607834,980.938842,1.109752
800,65,11.97257,106.10304,980.335509,1.026252
800,66,12.013278,103.377535,980.521425,1.07071
800,67,12.032278,103.032658,980.581634,1.038294
800,68,11.904361,106.536792,981.127385,1.060544
800,69,11.925278,102.286156,982.248721,1.053044
800,70,12.008487,103.636868,981.796262,1.102503
800,71,11.907111,105.440206,982.375721,1.046336
800,72,12.023778,99.093858,1004.342648,1.018544
800,73,11.958736,100.18911,981.681678,1.061503
800,74,12.101487,99.079565,980.79505,1.073169
800,75,11.929028,96.54381,981.285886,1.054336
800,76,11.946319,95.800892,980.466967,1.082044
800,77,11.964444,101.694197,981.084176,1.060294
800,78,11.979737,100.313068,980.573426,1.070919
800,79,12.037028,99.116524,980.139424,1.048377
800,80,12.018278,99.819568,979.987215,1.070377
800,81,11.981653,94.724722,980.310008,1.03892
800,82,12.05657,97.873646,981.220968,1.036378
800,83,11.979028,97.772688,979.899174,1.044544
800,84,12.06382,99.302941,980.040632,1.082627
800,85,11.933278,96.009476,980.2708,1.061002
800,86,11.893278,99.086774,981.363177,1.073461
800,87,11.946862,96.920644,980.145883,1.073085
800,88,11.950528,98.785607,979.648257,1.066836
800,89,12.066195,94.34543,979.962508,1.052503
800,90,12.073403,98.05098,980.2063,1.009878
800,91,11.933986,95.434516,980.084507,1.031585
800,92,12.03057,100.995112,980.171966,1.076044
800,93,11.944486,99.646067,981.896304,1.037752
800,94,12.053945,100.812278,980.292217,1.051586
800,95,11.946653,99.582692,979.922673,1.087919
800,96,11.919319,102.835283,980.921509,1.077836
800,97,11.965903,99.5234,982.175721,1.040377
800,98,12.074362,95.609266,981.087344,1.050252
800,99,11.95807,100.145235,981.911345,1.137461
800,100,11.972445,97.87998,986.861107,1.112586
900,1,14.415325,987.125566,1126.79806,8.880521
900,2,13.693574,743.674995,1105.234301,4.527885
900,3,13.647574,884.437075,1281.473882,3.836509
900,4,13.941283,673.74083,1107.746057,1.218378
900,5,15.558245,161.353962,1108.286683,1.118711
900,6,14.195825,138.794951,1143.473308,1.158128
900,7,13.597157,151.080896,1103.81084,1.119086
900,8,13.34899,141.370207,1105.246843,1.166877
900,9,13.38974,148.618849,1102.517087,1.184961
900,10,13.599823,135.404401,1103.454422,1.139836
900,11,13.417781,130.183139,1102.434461,1.171336
900,12,13.364281,133.371729,1104.295882,1.154502
900,13,13.425407,127.895467,1102.917796,1.141503
900,14,13.47024,130.170556,1102.418128,1.155295
900,15,13.406948,127.394966,1102.713254,1.144961
900,16,13.328115,129.119303,1101.990002,1.156502
900,17,13.434074,123.519082,1102.166002,1.162253
900,18,13.390156,124.851918,1110.466855,1.168795
900,19,13.531323,132.168435,1104.004881,1.101294
900,20,13.437031,124.647959,1103.87109,1.161378
900,21,13.484574,125.187502,1115.954035,1.282712
900,22,13.678073,125.912462,1109.019602,1.167669
900,23,13.457907,117.936318,1101.69021,1.148877
900,24,13.407156,124.176458,1101.398084,1.171795
900,25,13.372407,121.801785,1101.044667,1.156586
900,26,13.433573,113.840142,1101.800001,1.182628
900,27,13.435823,111.410719,1102.024169,1.20292
900,28,13.60474,113.030973,1101.028416,1.110253
900,29,13.490657,114.757478,1103.260963,1.131669
900,30,13.390323,117.403609,1101.701543,1.193169
900,31,13.49224,115.838188,1101.266875,1.162253
900,32,13.449323,119.118487,1101.641543,1.147211
900,33,13.399782,113.364808,1101.61571,1.170669
900,34,13.379073,116.720649,1101.372209,1.214295
900,35,13.337573,115.366562,1100.984166,1.158919
900,36,13.41649,116.251856,1100.982291,1.187336
900,37,13.487198,115.345145,1101.135334,1.12817
900,38,13.531115,119.342821,1101.209166,1.169794
900,39,13.412615,114.011059,1101.476543,1.158253
900,40,13.488781,123.088455,1106.024011,1.140919
900,41,13.496615,118.273736,1101.144167,1.138752
900,42,13.407782,122.542037,1102.702545,1.141002
900,43,13.428198,121.326868,1103.349921,1.202961
900,44,13.522199,114.019392,1102.856879,1.153128
900,45,13.429115,121.370784,1102.061669,1.177252
900,46,13.435282,127.7718,1116.570994,1.119419
900,47,13.466115,131.4751,1102.421462,1.130253
900,48,13.528657,114.778519,1102.335711,1.157628
900,49,13.470948,112.264222,1101.71471,1.144419
900,50,13.368948,117.839401,1102.382169,1.159836
900,51,13.333948,112.665181,1101.310125,1.187336
900,52,13.458615,116.904441,1101.286042,1.163419
900,53,13.36074,110.983427,1102.207502,1.147711
900,54,13.45424,114.81727,1105.309385,1.250169
900,55,14.502742,139.695328,1131.209404,1.130794
900,56,13.409823,122.889038,1101.576418,1.156419
900,57,13.387989,118.121277,1101.670293,1.161003
900,58,13.413739,113.673558,1101.638876,1.084669
900,59,13.381365,116.028438,1101.942252,1.147294
900,60,13.487865,118.649111,1105.881177,1.172086
900,61,14.054741,111.763888,1101.779293,1.162794
900,62,13.456032,116.189606,1102.203794,1.14242
900,63,13.35224,112.08268,1101.862043,1.172669
900,64,13.393615,110.762593,1101.598376,1.130586
900,65,13.393282,107.510085,1102.194419,1.131502
900,66,13.478823,113.639933,1102.18246,1.143794
900,67,13.379073,112.057596,1103.634922,1.139252
900,68,13.482323,108.945006,1103.820422,1.179878
900,69,13.36349,111.133469,1103.390922,1.183586
900,70,13.511948,111.216594,1103.662464,1.160627
900,71,13.42274,109.897424,1103.34488,1.152752
900,72,13.490907,113.14589,1102.316461,1.174878
900,73,13.431823,112.048346,1101.614876,1.146878
900,74,13.507199,113.154182,1101.709251,1.173086
900,75,13.487282,112.075055,1102.042085,1.218378
900,76,13.480573,113.002181,1102.590253,1.170003
900,77,13.36799,112.208722,1101.976627,1.189337
900,78,13.577615,117.970527,1103.262921,1.202962
900,79,13.34049,116.513523,1102.293336,1.140961
900,80,13.368948,112.549014,1101.992419,1.175711
900,81,13.45374,111.316969,1102.133502,1.178378
900,82,13.458406,111.402553,1112.847403,1.143252
900,83,13.599907,117.951318,1102.407294,1.168211
900,84,13.423615,114.792144,1101.724292,1.17892
900,85,13.356157,113.241224,1102.195794,1.142378
900,86,13.338989,117.918943,1102.107336,1.160752
900,87,13.38999,116.252772,1101.597668,1.157919
900,88,13.437698,113.995392,1101.870668,1.180961
900,89,13.349698,112.114054,1101.448292,1.158045
900,90,13.43374,114.364601,1101.863126,1.133003
900,91,13.374782,108.383421,1102.983629,1.158836
900,92,13.538032,111.735054,1103.401421,1.154669
900,93,13.368156,112.936515,1103.12188,1.125294
900,94,13.536699,113.986768,1113.33007,1.145127
900,95,13.404448,111.784804,1116.86412,1.131502
900,96,13.500031,123.744123,1103.751756,1.131794
900,97,13.76699,123.176705,1115.475409,1.109044
900,98,13.392156,117.717401,1103.133796,1.195502
900,99,13.475281,111.204844,1102.282961,1.142753
900,100,13.403698,112.141513,1105.419594,1.168878
1000,1,17.506542,728.883876,1407.46126,16.601039
1000,2,15.052452,1284.587597,1287.284229,14.447201
1000,3,15.770204,1176.008301,1304.046642,9.973149
1000,4,15.892871,1304.236101,1230.149094,12.16432
1000,5,15.037285,1024.694696,1228.020923,16.104746
1000,6,15.272119,1085.467796,1285.859142,20.304714
1000,7,15.200369,1161.00789,1225.927542,16.808081
1000,8,15.050493,1250.895721,1232.202371,14.620787
1000,9,15.471288,1388.561094,1505.433845,14.571911
1000,10,15.956123,1476.915066,1228.412653,18.258045
1000,11,15.179496,1394.255401,1228.50057,12.182489
1000,12,15.657497,1100.070749,1238.42447,8.911397
1000,13,15.458163,988.235845,1232.862498,17.986212
1000,14,15.449247,1362.894948,1246.336073,18.946422
1000,15,15.316746,994.021359,1265.792538,9.863858
1000,16,15.140246,772.929223,1226.180523,5.71339
1000,17,15.37758,1033.016706,1245.155779,19.925217
1000,18,14.953287,1268.628878,1225.828521,11.534612
1000,19,15.237871,1105.123553,1279.618406,12.504948
1000,20,15.340955,886.902091,1227.718526,4.044469
1000,21,15.094496,700.990168,1227.292359,7.248976
1000,22,15.10008,1297.472701,1254.647969,19.585966
1000,23,23.177849,1170.149507,1333.229499,20.293467
1000,24,15.30633,1330.944409,1226.326732,14.536162
1000,25,15.002787,1357.743185,1226.937358,19.377049
1000,26,15.511622,1378.477653,1243.341607,12.038989
1000,27,15.028163,1050.42775,1227.038733,11.32932
1000,28,15.170038,1247.102658,1263.857449,13.030532
1000,29,15.157705,1310.139399,1230.462658,11.944738
1000,30,15.04837,1108.490687,1226.919983,14.988454
1000,31,14.938996,1299.080413,1229.185363,17.248751
1000,32,15.087371,1233.686625,1296.096697,20.210508
1000,33,15.045454,1362.791572,1233.133499,12.847949
1000,34,15.037413,1322.472722,1229.021904,11.789571
1000,35,14.944579,1132.957623,1240.386433,12.189822
1000,36,15.139204,1025.778105,1226.216481,13.3452
1000,37,14.934537,1133.426707,1226.670315,18.120921
1000,38,15.000246,1156.739558,1304.213967,15.770331
1000,39,15.154663,1448.392161,1227.665859,19.505924
1000,40,15.094496,1360.482358,1226.320815,12.981824
1000,41,15.030579,1193.46544,1226.824191,18.152129
1000,42,15.169955,1332.308954,1226.647607,12.704157
1000,43,15.057371,946.61774,1324.694727,20.386343
1000,44,15.047913,1520.24559,1228.072319,15.416746
1000,45,15.08633,1565.431537,1228.301819,12.9752
1000,46,14.954038,1099.218664,1677.517233,21.773804
1000,47,17.278293,1500.939501,1242.813981,18.798588
1000,48,15.34233,1360.157774,1237.426675,13.700451
1000,49,15.026871,1279.280905,1279.693573,19.433715
1000,50,15.254871,1468.418252,1226.870566,17.847169
1000,51,15.152121,1118.806879,1236.558757,15.35258
1000,52,14.967454,1043.551316,1304.940594,20.227717
1000,53,14.99037,1086.632924,1227.738777,11.767571
1000,54,15.033788,899.629373,1291.891062,19.205965
1000,55,15.15283,1132.792622,1226.594816,19.352965
1000,56,15.05233,1165.904455,1229.785157,17.727586
1000,57,15.132121,1167.781335,1237.41505,16.599083
1000,58,15.586331,1168.282169,1244.591401,9.480982
1000,59,15.440205,1016.324498,1229.713698,10.979402
1000,60,15.066871,838.286553,1288.863554,18.982548
1000,61,15.098787,1619.812173,1226.183356,12.944074
1000,62,14.956121,1116.68579,1227.049399,18.252379
1000,63,15.153204,1529.556114,1226.543523,15.950873
1000,64,15.012579,1232.743081,1226.463107,13.089325
1000,65,15.134746,1011.404861,1284.851585,13.001615
1000,66,15.308789,935.973672,1287.030841,14.36012
1000,67,15.134121,949.833666,1227.748859,18.447671
1000,68,15.08158,1345.227736,1228.002652,19.176214
1000,69,14.968454,1384.634335,1227.640943,12.544198
1000,70,15.036162,1560.375566,1253.527632,18.771506
1000,71,17.450043,890.5046,1273.097015,14.378994
1000,72,15.117538,1142.01877,1271.487469,13.309617
1000,73,15.188705,1090.626684,1226.404482,13.521909
1000,74,16.376707,1105.527263,1324.451893,19.372673
1000,75,15.165747,1161.552361,1228.089611,15.024787
1000,76,15.006079,1166.574415,1333.955584,17.866086
1000,77,16.237707,1467.169958,1302.64088,19.553799
1000,78,14.979579,1654.789093,1227.4939,13.464159
1000,79,14.947995,1170.009299,1226.025938,13.107117
1000,80,15.029246,1552.159045,1229.093488,18.567005
1000,81,15.126163,1398.083702,1274.80131,16.196874
1000,82,15.078204,1224.871228,1226.850024,11.767321
1000,83,14.950371,961.096402,1337.292467,14.892787
1000,84,15.124913,1068.934963,1232.137954,84.063502
1000,85,15.615455,951.943504,1322.996723,14.851828
1000,86,15.104662,1479.777656,1309.918607,5.720889
1000,87,15.255205,1251.345585,1227.991819,11.469903
1000,88,15.073329,951.402794,1331.53666,19.364881
1000,89,15.042454,1358.683312,1226.715649,16.467291
1000,90,15.040788,1344.998153,1226.777524,12.00078
1000,91,15.18933,1280.022115,1226.032522,12.243072
1000,92,15.077079,1120.146216,1241.79452,10.887652
1000,93,15.171621,960.767693,1334.713669,20.123301
1000,94,15.198371,1469.214004,1235.567921,10.934819
1000,95,15.146288,1268.973671,1330.383867,18.003254
1000,96,15.239538,1366.027539,1226.379939,12.003571
1000,97,14.970621,1066.661207,1246.14103,19.344757
1000,98,15.151329,1196.923908,1250.483375,11.841529
1000,99,15.007538,1023.858517,1283.250998,20.259009
1000,100,15.254705,975.279812,1228.556529,16.457166
